	silencing	control
0	ENCSR385UPQ	ENCSR143COQ
1	ENCSR047QHX	ENCSR424QCW
2	ENCSR251ABP	ENCSR174OYC
3	ENCSR688GVV	ENCSR424QCW
4	ENCSR233UVM	ENCSR260BQC
5	ENCSR384BDV	ENCSR424QCW
6	ENCSR949RMX	ENCSR260BQC
7	ENCSR473KFO	ENCSR655JYC
8	ENCSR629XTS	ENCSR260BQC
9	ENCSR793QPX	ENCSR619PCR
10	ENCSR953IQF	ENCSR260BQC
11	ENCSR608IXR	ENCSR260BQC
12	ENCSR494UDF	ENCSR143COQ
13	ENCSR029LGJ	ENCSR661HEL
14	ENCSR281IUF	ENCSR143COQ
15	ENCSR258VGD	ENCSR667PLJ
16	ENCSR511BNY	ENCSR032YMP
17	ENCSR336DFS	ENCSR667PLJ
18	ENCSR584LDM	ENCSR245BNJ
19	ENCSR193CCY	ENCSR774AEQ
20	ENCSR269HQA	ENCSR667PLJ
21	ENCSR232XRZ	ENCSR084SCN
22	ENCSR560AYQ	ENCSR129RWD
23	ENCSR780YFF	ENCSR913CAE
24	ENCSR334HNJ	ENCSR898NWE
25	ENCSR231PWH	ENCSR619PCR
26	ENCSR732ICL	ENCSR898NWE
27	ENCSR031RZS	ENCSR942UNX
28	ENCSR958NDU	ENCSR815CVQ
29	ENCSR906RHU	ENCSR129RWD
30	ENCSR783YSQ	ENCSR815CVQ
31	ENCSR232CPD	ENCSR815CVQ
32	ENCSR408SDL	ENCSR815CVQ
33	ENCSR783LUA	ENCSR815CVQ
34	ENCSR907UTB	ENCSR815CVQ
35	ENCSR940GIC	ENCSR898ABR
36	ENCSR916WOI	ENCSR129RWD
37	ENCSR302JQA	ENCSR129RWD
38	ENCSR312HJY	ENCSR898NWE
39	ENCSR081XRA	ENCSR344XID
40	ENCSR628JYB	ENCSR898NWE
41	ENCSR368ZRP	ENCSR942UNX
42	ENCSR253DCB	ENCSR913CAE
43	ENCSR745WVZ	ENCSR620PUP
44	ENCSR082UWF	ENCSR419JMU
45	ENCSR660ETT	ENCSR661HEL
46	ENCSR577OVP	ENCSR667PLJ
47	ENCSR898OPN	ENCSR118EFE
48	ENCSR829EFL	ENCSR174OYC
49	ENCSR921KDS	ENCSR572FFX
50	ENCSR322XVS	ENCSR572FFX
51	ENCSR530BOP	ENCSR164MUK
52	ENCSR535YPK	ENCSR164MUK
53	ENCSR624XHG	ENCSR164MUK
54	ENCSR712CSN	ENCSR667PLJ
55	ENCSR164TLB	ENCSR667PLJ
56	ENCSR943LIB	ENCSR164MUK
57	ENCSR129ROE	ENCSR419JMU
58	ENCSR398HXV	ENCSR661HEL
59	ENCSR181RLB	ENCSR661HEL
60	ENCSR208GPE	ENCSR667PLJ
61	ENCSR454KYR	ENCSR174OYC
62	ENCSR844QNT	ENCSR164MUK
63	ENCSR410ZPU	ENCSR245BNJ
64	ENCSR605MFS	ENCSR620PUP
65	ENCSR362XMY	ENCSR620PUP
66	ENCSR874DVZ	ENCSR174OYC
67	ENCSR309PPC	ENCSR661HEL
68	ENCSR788YGG	ENCSR419JMU
69	ENCSR812TLY	ENCSR143COQ
70	ENCSR721MXZ	ENCSR032YMP
71	ENCSR777EDL	ENCSR032YMP
72	ENCSR192BPV	ENCSR164MUK
73	ENCSR963RLK	ENCSR620PUP
74	ENCSR188IPO	ENCSR815CVQ
75	ENCSR345VVZ	ENCSR667PLJ
76	ENCSR231DXJ	ENCSR143COQ
77	ENCSR560RSZ	ENCSR661HEL
78	ENCSR143UET	ENCSR084SCN
79	ENCSR448JAM	ENCSR718EWL
80	ENCSR416ZJH	ENCSR164MUK
81	ENCSR611LQB	ENCSR572FFX
82	ENCSR823WTA	ENCSR143COQ
83	ENCSR048BWH	ENCSR438MDN
84	ENCSR762FEO	ENCSR572FFX
85	ENCSR558XNA	ENCSR620PUP
86	ENCSR775TMW	ENCSR424QCW
87	ENCSR927XBT	ENCSR572FFX
88	ENCSR169QQW	ENCSR620PUP
89	ENCSR346DZQ	ENCSR164MUK
90	ENCSR598YQX	ENCSR572FFX
91	ENCSR219DXZ	ENCSR419JMU
92	ENCSR812EIA	ENCSR815CVQ
93	ENCSR556FNN	ENCSR419JMU
94	ENCSR945GUR	ENCSR143COQ
95	ENCSR165VBD	ENCSR143COQ
96	ENCSR978CSQ	ENCSR438MDN
97	ENCSR927TSP	ENCSR572FFX
98	ENCSR770LYW	ENCSR154OBA
99	ENCSR925RNE	ENCSR661HEL
100	ENCSR453HKS	ENCSR164MUK
101	ENCSR300QFQ	ENCSR572FFX
102	ENCSR286OKW	ENCSR815CVQ
103	ENCSR325OOM	ENCSR084SCN
104	ENCSR810FHY	ENCSR438MDN
105	ENCSR047IUS	ENCSR438MDN
106	ENCSR392HSJ	ENCSR572FFX
107	ENCSR866XLI	ENCSR164MUK
108	ENCSR678MVE	ENCSR661HEL
109	ENCSR611ZAL	ENCSR344XID
110	ENCSR850PWM	ENCSR815CVQ
111	ENCSR155EZL	ENCSR031RRO
112	ENCSR754RJA	ENCSR174OYC
113	ENCSR034VBA	ENCSR164MUK
114	ENCSR165BCF	ENCSR718EWL
115	ENCSR113PYX	ENCSR419JMU
116	ENCSR306IOF	ENCSR667PLJ
117	ENCSR386YEV	ENCSR667PLJ
118	ENCSR843LYF	ENCSR164MUK
119	ENCSR952QDQ	ENCSR424QCW
120	ENCSR631RFX	ENCSR174OYC
121	ENCSR856CJK	ENCSR572FFX
122	ENCSR205VSQ	ENCSR661HEL
123	ENCSR210KJB	ENCSR661HEL
124	ENCSR891AXF	ENCSR084SCN
125	ENCSR149DMY	ENCSR344XID
126	ENCSR545AIK	ENCSR129RWD
127	ENCSR016OIX	ENCSR619PCR
128	ENCSR973QSV	ENCSR815CVQ
129	ENCSR792CBM	ENCSR129RWD
130	ENCSR694LKY	ENCSR129RWD
131	ENCSR047AJA	ENCSR815CVQ
132	ENCSR546MBH	ENCSR913CAE
133	ENCSR201WFU	ENCSR129RWD
134	ENCSR192GBD	ENCSR419JMU
135	ENCSR373KOF	ENCSR913CAE
136	ENCSR047EEG	ENCSR344XID
137	ENCSR774BXV	ENCSR913CAE
138	ENCSR529JNJ	ENCSR129RWD
139	ENCSR481YXD	ENCSR771ZZL
140	ENCSR470PRV	ENCSR771ZZL
141	ENCSR342EDG	ENCSR344XID
142	ENCSR904BCZ	ENCSR344XID
143	ENCSR119QWQ	ENCSR913CAE
144	ENCSR363QIA	ENCSR260BQC
145	ENCSR246SOU	ENCSR344XID
146	ENCSR361LBE	ENCSR913CAE
147	ENCSR079IPT	ENCSR344XID
148	ENCSR778WPL	ENCSR419JMU
149	ENCSR904CJQ	ENCSR344XID
150	ENCSR634KBO	ENCSR572FFX
151	ENCSR341PZW	ENCSR174OYC
152	ENCSR077BPR	ENCSR032YMP
153	ENCSR060KRD	ENCSR092WKG
154	ENCSR040FSN	ENCSR620PUP
155	ENCSR831YGP	ENCSR913CAE
156	ENCSR101OPF	ENCSR620PUP
157	ENCSR126ARZ	ENCSR419JMU
158	ENCSR306EIU	ENCSR667PLJ
159	ENCSR891DYO	ENCSR661HEL
160	ENCSR395FYF	ENCSR718EWL
161	ENCSR911DGK	ENCSR661HEL
162	ENCSR118XYK	ENCSR620PUP
163	ENCSR954HAY	ENCSR419JMU
164	ENCSR527IVX	ENCSR129RWD
165	ENCSR134JRE	ENCSR129RWD
166	ENCSR004RGI	ENCSR084SCN
167	ENCSR056QEW	ENCSR129RWD
168	ENCSR067LLB	ENCSR913CAE
169	ENCSR495YSS	ENCSR898NWE
170	ENCSR007XKL	ENCSR815CVQ
171	ENCSR000KYM	ENCSR913CAE
172	ENCSR455TNF	ENCSR372DZW
173	ENCSR936TED	ENCSR942UNX
174	ENCSR310VND	ENCSR344XID
175	ENCSR961YAG	ENCSR913CAE
176	ENCSR947OIM	ENCSR129RWD
177	ENCSR952RRH	ENCSR129RWD
178	ENCSR256PLH	ENCSR344XID
179	ENCSR207QGW	ENCSR898NWE
180	ENCSR351CNN	ENCSR081EST
181	ENCSR849STR	ENCSR129RWD
182	ENCSR675KPR	ENCSR936VPP
183	ENCSR717SJA	ENCSR661HEL
184	ENCSR562CCA	ENCSR164MUK
185	ENCSR112YTD	ENCSR667PLJ
186	ENCSR618IQH	ENCSR143COQ
187	ENCSR267RHP	ENCSR032YMP
188	ENCSR778SIU	ENCSR661HEL
189	ENCSR379VXW	ENCSR572FFX
190	ENCSR492BKM	ENCSR661HEL
191	ENCSR117WLY	ENCSR661HEL
192	ENCSR098NHI	ENCSR661HEL
193	ENCSR268JDD	ENCSR084SCN
194	ENCSR624OUI	ENCSR718EWL
195	ENCSR234YMW	ENCSR084SCN
196	ENCSR648QFY	ENCSR129RWD
197	ENCSR715XZS	ENCSR815CVQ
198	ENCSR139BIJ	ENCSR081EST
199	ENCSR792XFP	ENCSR129RWD
200	ENCSR561CBC	ENCSR129RWD
201	ENCSR066VOO	ENCSR129RWD
202	ENCSR222LRL	ENCSR667PLJ
203	ENCSR137HKS	ENCSR661HEL
204	ENCSR795VAK	ENCSR031RRO
205	ENCSR079LMZ	ENCSR667PLJ
206	ENCSR334BTA	ENCSR174OYC
207	ENCSR529MBZ	ENCSR032YMP
208	ENCSR794NUE	ENCSR164MUK
209	ENCSR555LCE	ENCSR424QCW
210	ENCSR563YIS	ENCSR031RRO
211	ENCSR398GHW	ENCSR661HEL
212	ENCSR608IAI	ENCSR084SCN
213	ENCSR244SIO	ENCSR424QCW
214	ENCSR770OWW	ENCSR572FFX
215	ENCSR599UDS	ENCSR572FFX
216	ENCSR967QNT	ENCSR424QCW
217	ENCSR835RMN	ENCSR118EFE
218	ENCSR227AVS	ENCSR620PUP
219	ENCSR809ISU	ENCSR143COQ
220	ENCSR813NZP	ENCSR572FFX
221	ENCSR602AWR	ENCSR620PUP
222	ENCSR014VQS	ENCSR942UNX
223	ENCSR606QIX	ENCSR245BNJ
224	ENCSR191VWK	ENCSR620PUP
225	ENCSR678WOA	ENCSR164MUK
226	ENCSR902WSK	ENCSR032YMP
227	ENCSR874ZLI	ENCSR143COQ
228	ENCSR885YOI	ENCSR245BNJ
229	ENCSR000YYN	ENCSR143COQ
230	ENCSR517JHY	ENCSR143COQ
231	ENCSR222ABK	ENCSR032YMP
232	ENCSR524YXQ	ENCSR174OYC
233	ENCSR152IWT	ENCSR032YMP
234	ENCSR984CLJ	ENCSR620PUP
235	ENCSR023HWI	ENCSR667PLJ
236	ENCSR528ASX	ENCSR572FFX
237	ENCSR222COT	ENCSR143COQ
238	ENCSR746NIM	ENCSR032YMP
239	ENCSR552NBS	ENCSR419JMU
240	ENCSR076PMZ	ENCSR118EFE
